{"mean_squared_error": {"val_loss": [4730.12939453125, 4538.4013671875, 4168.16552734375, 3613.25537109375, 2858.937255859375, 2262.006103515625, 1844.73291015625, 1410.21923828125, 1230.4144287109375, 931.41162109375], "val_acc": [0.836991012096405, 0.8306716084480286, 0.8257007002830505, 0.8276044130325317, 0.830036997795105, 0.833051323890686, 0.8437070250511169, 0.8627974390983582, 0.8688789010047913, 0.8783183693885803], "loss": [5075.544127182439, 4948.462847134362, 4690.368687926999, 4251.309605895749, 3665.6037261592232, 2860.8236751170293, 2333.262947360514, 1845.8943864459452, 1816.8779282048647, 1181.7031978962393], "acc": [0.840718106219643, 0.8365965333544774, 0.8303710031605925, 0.8276962941957389, 0.8298068601592832, 0.8326939655701641, 0.8383819082005304, 0.8538527836201162, 0.8643061014322134, 0.8723435288498759]}, "mean_absolute_error": {"val_loss": [6.459583759307861, 6.261266708374023, 6.0699005126953125, 5.854824066162109, 5.683854579925537, 5.522159099578857, 5.353797435760498, 5.186031818389893, 5.006082534790039, 4.811773777008057], "val_acc": [0.854177713394165, 0.8609465956687927, 0.8672395348548889, 0.878133237361908, 0.8780803680419922, 0.8807244896888733, 0.8860656023025513, 0.8893178105354309, 0.8905605673789978, 0.892913818359375], "loss": [6.66001751355314, 6.399947017793231, 6.20380616284575, 6.00335086984673, 5.806339310248371, 5.6486337445525505, 5.4904946624508755, 5.324875642413552, 5.153966403683188, 4.969152037431354], "acc": [0.8478994034079887, 0.8564213190966772, 0.8620494978147962, 0.8690449431357596, 0.8777327955010449, 0.8775403386185526, 0.8812371333118393, 0.8870179906547794, 0.8883586786536553, 0.8896727938401071]}, "mean_absolute_percentage_error": {"val_loss": [23486954.0, 4198446.0, 1308489.0, 4945.873046875, 2529.513427734375, 1044.84814453125, 346.13592529296875, 9.029613494873047, 9.029613494873047, 9.029613494873047], "val_acc": [0.9017715454101562, 0.907244861125946, 0.9085140228271484, 0.9097038507461548, 0.9097038507461548, 0.9097038507461548, 0.9097038507461548, 0.9097038507461548, 0.9097038507461548, 0.9097038507461548], "loss": [49178687.36032388, 13775129.23076923, 2708788.4888663967, 441515.57694976433, 4952.720380898912, 3426.6808123260375, 2172.8918061661816, 1303.953713112032, 676.7196193185413, 419.97946006373354], "acc": [0.8943917278336128, 0.8990243680564015, 0.9024225162108418, 0.9040087536279007, 0.9043273281471932, 0.904327320425134, 0.904327321149077, 0.9043273402129107, 0.9043273375584528, 0.9043273394889677]}, "mean_squared_logarithmic_error": {"val_loss": [0.4215962886810303, 0.3810914158821106, 0.3505327105522156, 0.3276534378528595, 0.3066532611846924, 0.28707751631736755, 0.27169716358184814, 0.25837481021881104, 0.24520215392112732, 0.23277953267097473], "val_acc": [0.8562136292457581, 0.86147540807724, 0.864040195941925, 0.8675568699836731, 0.869381308555603, 0.8749074339866638, 0.8817557096481323, 0.8837387561798096, 0.8862506747245789, 0.8906927704811096], "loss": [0.4490987706763542, 0.4053617128235126, 0.3669415271957876, 0.341687578662687, 0.31880240655138425, 0.2979423480960522, 0.28014253568552766, 0.2655838993396836, 0.2521789627760528, 0.23931872663710282], "acc": [0.851556399814513, 0.8581801481575135, 0.8631910621395961, 0.8664564934336705, 0.8684343266101019, 0.8715138990386777, 0.8789075506843536, 0.8828432987093443, 0.8849870639773998, 0.8874958630515496]}, "squared_hinge": {"val_loss": [0.9610793590545654, 0.9606379866600037, 0.9602154493331909, 0.9597994685173035, 0.9593982100486755, 0.959022045135498, 0.958656370639801, 0.9582989811897278, 0.9579529166221619, 0.9575887322425842], "val_acc": [0.8352987766265869, 0.8300105929374695, 0.8278159499168396, 0.8265732526779175, 0.8255949020385742, 0.825145423412323, 0.8246959447860718, 0.8244579434394836, 0.824272871017456, 0.824114203453064], "loss": [0.9615411396451324, 0.9610902384707802, 0.9606947988151056, 0.9603147895229973, 0.959942223330741, 0.959584026925477, 0.9592499576116863, 0.9589227051870061, 0.9586063432790007, 0.9582945798572741], "acc": [0.8388597472959202, 0.8347381855312147, 0.8301785368668405, 0.8284462854447152, 0.8272914338691032, 0.8265348006839212, 0.8259242022568397, 0.825539262188591, 0.8252140336673752, 0.8249817447141115]}, "hinge": {"val_loss": [0.9874335527420044, 0.9845312833786011, 0.98198002576828, 0.9785900712013245, 0.9784718155860901, 0.9784014821052551, 0.9783421754837036, 0.9782882928848267, 0.9782412052154541, 0.9781965017318726], "val_acc": [0.9016393423080444, 0.900370180606842, 0.8991010189056396, 0.8972765803337097, 0.8969857096672058, 0.8969593048095703, 0.8968006372451782, 0.8968271017074585, 0.8967213034629822, 0.8966684341430664], "loss": [0.9918154265716491, 0.9868139991393456, 0.9837442433785814, 0.9810126341788875, 0.9784960560953087, 0.9783957825015913, 0.9783250617112226, 0.9782644758822947, 0.9782101285119771, 0.9781621981728897], "acc": [0.9053693437865871, 0.9031193915166353, 0.901971201182377, 0.9004114866256714, 0.8993163871379034, 0.8991305470949242, 0.8990907340879865, 0.8990110805642749, 0.898851794269886, 0.898699138328614]}}