,Actual Class,Predicted Class,User ID 22,User ID 28,User ID 98,User Predicted
0,22,28,0.17488771032030645,0.41462014341936293,0.410492146260331,False
1,98,28,0.19469947323717798,0.4081749569037287,0.3971255698590935,False
2,28,98,0.17527499182864587,0.41174629081917474,0.41297871735217906,False
3,28,98,0.17717345940939458,0.39893334933451857,0.42389319125608704,False
4,22,28,0.17536977462164086,0.41330780587639,0.411322419501969,False
5,98,28,0.17529049278744116,0.41312850128205963,0.4115810059304992,False
