,Actual Class,Predicted Class,User ID 22,User ID 28,User ID 98,User Predicted,gamma,kernel
0,98,22,0.37634674551067,0.29263166361991055,0.3310215908694196,False,auto,poly
1,22,22,0.37635408997825115,0.2926015399560427,0.3310443700657061,True,auto,poly
2,98,22,0.37790247440638153,0.2864318846258736,0.3356656409677448,False,auto,poly
3,28,22,0.3763124567020602,0.292772344252829,0.3309151990451109,False,auto,poly
4,28,22,0.3762455235981674,0.29304748538718606,0.3307069910146466,False,auto,poly
5,22,22,0.37623076360006363,0.2931082410043724,0.3306609953955638,True,auto,poly
